membership_id,first_name,last_name,email,birthday,above_18,mobile
Smith_c7677,Patty,Smith,Patty_Smith@ross.com,19750827,true,59428759
Wang_04168,Sean,Wang,Sean_Wang@gibson-calderon.com,19600311,true,25595367
Estrada_0bf5b,Richard,Estrada,Richard_Estrada@malone.com,19921015,true,22821527
Cline_825fb,Jackson,Cline,Jackson_Cline@hudson.net,19710121,true,48056519
Williams_3e726,Allen,Williams,Allen_Williams@sanchez.net,19971109,true,77991519
Flores_8a42c,Eric,Flores,Eric_Flores@dillon-patterson.com,19820701,true,36641663
Richardson_ef158,Anna,Richardson,Anna_Richardson@perry.com,19670223,true,64083047
Smith_9625b,Benjamin,Smith,Benjamin_Smith@christian-contreras.com,19871223,true,95835639
Gomez_876bf,Taylor,Gomez,Taylor_Gomez@johnston.com,19821022,true,24007567
Rodriguez_93ac7,Jeremy,Rodriguez,Jeremy_Rodriguez@roth.com,19780828,true,32567967
Garcia_26b55,April,Garcia,April_Garcia@hall.com,19871231,true,24650447
Garza_40199,Sharon,Garza,Sharon_Garza@duran.com,20020830,true,59411567
Sanchez_364a7,Lori,Sanchez,Lori_Sanchez@hardin-warner.net,19980420,true,76989167
Reed_3bc34,Joseph,Reed,Joseph_Reed@kelley.com,19511220,true,18798163
Armstrong_e2fb8,Jason,Armstrong,Jason_Armstrong@curtis.com,19921116,true,68514503
Allison_0c21b,Jessica,Allison,Jessica_Allison@harper.com,19721030,true,66821135
Hall_b302a,Arthur,Hall,Arthur_Hall@gonzalez.com,19941103,true,65493407
Meza_af7be,Sherry,Meza,Sherry_Meza@west.com,19970904,true,33491119
Turner_0303a,Matthew,Turner,Matthew_Turner@martinez.com,19940707,true,73291455
Bauer_18f68,Jeffrey,Bauer,Jeffrey_Bauer@garza.com,19660813,true,51154803
Randolph_76c7a,Sophia,Randolph,Sophia_Randolph@leonard-ramirez.com,19500807,true,94510479
Matthews_2a414,Marissa,Matthews,Marissa_Matthews@graves.com,19720221,true,20636447
Thompson_16040,Samuel,Thompson,Samuel_Thompson@sanchez-carroll.com,19840403,true,99063183
Lee_76cce,Zachary,Lee,Zachary_Lee@smith.com,19870704,true,36447751
Pittman_44c4d,Kara,Pittman,Kara_Pittman@gomez-vaughn.com,19680525,true,80502567
Ruiz_1546f,Charles,Ruiz,Charles_Ruiz@sullivan-jones.com,19680113,true,85158255
Shaw_45468,Rachel,Shaw,Rachel_Shaw@stevenson-martinez.com,19581223,true,66511687
Miller_d11a8,James,Miller,James_Miller@nguyen.com,19710831,true,64917031
Anthony_ebd30,Gabriella,Anthony,Gabriella_Anthony@castro.com,19970106,true,89108943
Cantrell_b19eb,Misty,Cantrell,Misty_Cantrell@flores-decker.com,19570303,true,79619831
Guerrero_d55cb,Kelly,Guerrero,Kelly_Guerrero@riggs.com,19970203,true,53052583
Nichols_9226a,David,Nichols,David_Nichols@rocha.com,19620819,true,62269575
Galloway_1a4d2,Shawn,Galloway,Shawn_Galloway@johnston.com,19850419,true,17471367
Salazar_88b5f,Fernando,Salazar,Fernando_Salazar@humphrey.com,19720419,true,71192443
Sanford_c7e24,Dennis,Sanford,Dennis_Sanford@lopez-archer.com,19800806,true,88084407
Murphy_0851c,Amanda,Murphy,Amanda_Murphy@bright-gibbs.net,20000730,true,30501351
Martin_35f44,Bobby,Martin,Bobby_Martin@jackson.com,20000331,true,43871143
Jones_3cea3,Lauren,Jones,Lauren_Jones@castaneda.com,19870724,true,96512831
Bishop_b0506,Vernon,Bishop,Vernon_Bishop@clark-larson.com,19730710,true,78396487
Meyers_2871d,Phillip,Meyers,Phillip_Meyers@mcneil-williams.com,19601022,true,95409119
Strickland_c13f0,Jeremy,Strickland,Jeremy_Strickland@adkins.com,19501223,true,20151487
Martin_6f48d,Robert,Martin,Robert_Martin@crawford.com,19500718,true,78547615
Davis_7d08d,Marc,Davis,Marc_Davis@harris.com,19800520,true,96597403
Taylor_4fbc5,William,Taylor,William_Taylor@warner-morgan.net,19860131,true,42996791
Pierce_133dc,Alyssa,Pierce,Alyssa_Pierce@ruiz.com,19680516,true,95839991
Brady_bd431,Michael,Brady,Michael_Brady@wells-sanders.com,19500323,true,65342263
Rhodes_df266,James,Rhodes,James_Rhodes@green.com,19771010,true,27465295
Ramirez_5ff32,Ryan,Ramirez,Ryan_Ramirez@pham.com,19850425,true,67907071
Thompson_52cd0,Stephen,Thompson,Stephen_Thompson@hess.com,19511112,true,75033031
Williams_446e0,Susan,Williams,Susan_Williams@rowland.com,19760512,true,95688383
Aguilar_ad5a0,Nancy,Aguilar,Nancy_Aguilar@lane.com,19950811,true,97516423
Williams_b7835,Jessica,Williams,Jessica_Williams@thomas-martin.com,19730824,true,26472931
Johnson_d53b7,Dylan,Johnson,Dylan_Johnson@montgomery.com,19960107,true,52048815
King_01148,Pamela,King,Pamela_King@soto.net,19930929,true,72515095
Smith_634dd,Robert,Smith,Robert_Smith@joyce.com,19870424,true,76366335
Gonzalez_31e9a,Samantha,Gonzalez,Samantha_Gonzalez@rios-fletcher.com,19980829,true,40456647
Pierce_68d7c,Terry,Pierce,Terry_Pierce@warner-reyes.com,19640910,true,91518459
Walker_ba5b7,Jeffery,Walker,Jeffery_Walker@watson.com,19560624,true,46574799
Alvarez_7bc5d,Todd,Alvarez,Todd_Alvarez@vaughn.com,19741125,true,42011263
Willis_d0046,Brett,Willis,Brett_Willis@gibbs.com,19610908,true,86342007
Klein_43163,Louis,Klein,Louis_Klein@phillips-allen.com,19651220,true,33671863
Wilkins_48a0a,Kristin,Wilkins,Kristin_Wilkins@harvey.com,20020511,true,84393855
Lynch_49515,Joshua,Lynch,Joshua_Lynch@daniels.com,19650526,true,71572839
Williams_e69d3,Deborah,Williams,Deborah_Williams@howard.com,19841121,true,11357647
Bright_776f9,Sarah,Bright,Sarah_Bright@winters.com,19981115,true,24327743
Anderson_48071,Rebecca,Anderson,Rebecca_Anderson@carter-ramirez.com,19730827,true,27023231
Frost_5ba4a,Roger,Frost,Roger_Frost@cole-robinson.com,19700217,true,94120431
Dunn_8edbe,Toni,Dunn,Toni_Dunn@chapman.com,19800831,true,89674459
Dunn_ae8e6,Eric,Dunn,Eric_Dunn@reese.com,19600712,true,13714207
Pierce_1096d,Heather,Pierce,Heather_Pierce@williams-edwards.com,19570813,true,32413999
Erickson_6b984,Jordan,Erickson,Jordan_Erickson@martinez.com,19750802,true,64756655
Ali_f361f,Susan,Ali,Susan_Ali@leach.com,19990105,true,74229143
Wilson_f0626,Richard,Wilson,Richard_Wilson@hernandez.com,19990703,true,36349175
Butler_a60e8,Jon,Butler,Jon_Butler@blackwell.com,19870318,true,78121695
Phillips_01acd,Paul,Phillips,Paul_Phillips@vance.com,19970216,true,11213063
Parker_5ebc0,Adam,Parker,Adam_Parker@yoder.com,19980722,true,27783391
Walker_a21be,Cory,Walker,Cory_Walker@torres.net,19621208,true,37614935
Sanchez_cf3c9,Jeffrey,Sanchez,Jeffrey_Sanchez@jones-butler.com,19950914,true,73226919
Martin_7bf56,Bianca,Martin,Bianca_Martin@mitchell.com,19780205,true,86924127
King_2f8a4,Jeffrey,King,Jeffrey_King@hicks-boyd.com,19770623,true,68622991
Mcdaniel_ab5b4,Shelly,Mcdaniel,Shelly_Mcdaniel@little.com,19951028,true,86599403
Wiggins_c46e0,Melanie,Wiggins,Melanie_Wiggins@mcdonald-rice.com,20000214,true,91699615
Smith_e0b77,Daniel,Smith,Daniel_Smith@cummings.com,19860308,true,26613823
Smith_216c5,Christopher,Smith,Christopher_Smith@lamb.com,19810707,true,42594715
Love_95197,Marc,Love,Marc_Love@martin.com,19550722,true,96796419
Lawrence_fbccd,Scott,Lawrence,Scott_Lawrence@aguilar.com,19760104,true,59217375
Sosa_8de3e,James,Sosa,James_Sosa@robles-hawkins.com,19571108,true,47053447
Jackson_b5943,Jamie,Jackson,Jamie_Jackson@carr.com,19770526,true,71512687
Hatfield_bf691,Jeffrey,Hatfield,Jeffrey_Hatfield@morgan-erickson.com,19701014,true,69441735
Phillips_c68d2,James,Phillips,James_Phillips@green-taylor.com,19611019,true,89808183
Moore_6e3b7,Jessica,Moore,Jessica_Moore@harrison-bautista.com,19990509,true,27155335
Peters_6955e,Debra,Peters,Debra_Peters@smith.com,19820804,true,69115179
Anderson_6c12a,Richard,Anderson,Richard_Anderson@peck-franklin.com,19700405,true,24730327
Hahn_38908,Lauren,Hahn,Lauren_Hahn@simmons.com,19720620,true,15132727
Perez_a30c9,Joseph,Perez,Joseph_Perez@ryan.com,19740909,true,61876187
Edwards_96edd,Faith,Edwards,Faith_Edwards@price.net,19770726,true,44653063
Vargas_0365e,Laura,Vargas,Laura_Vargas@gallagher-young.com,19771009,true,40816943
Lewis_f236b,Sarah,Lewis,Sarah_Lewis@wyatt.com,19810225,true,37945839
Huff_88806,Brad,Huff,Brad_Huff@moore.com,19611227,true,28207575
Sanchez_a1536,Thomas,Sanchez,Thomas_Sanchez@cunningham-reid.net,19570914,true,23994083
Richardson_e102e,Alexander,Richardson,Alexander_Richardson@perez.com,19581025,true,34675335
Howard_99bdb,Joseph,Howard,Joseph_Howard@williams.com,19520726,true,46746383
Phillips_3268f,Jacqueline,Phillips,Jacqueline_Phillips@larson.com,19880118,true,55793915
Richards_9e514,Anne,Richards,Anne_Richards@mccarthy.com,19690906,true,84963423
Thomas_a6b2a,Derek,Thomas,Derek_Thomas@green.com,19640724,true,37329863
Bonilla_07c60,Joseph,Bonilla,Joseph_Bonilla@freeman.com,19740508,true,66912183
Barber_8e448,Gary,Barber,Gary_Barber@roberts.net,19551112,true,44790343
Johnson_01409,Brian,Johnson,Brian_Johnson@carr.com,19810617,true,76631695
Peterson_d3043,Christine,Peterson,Christine_Peterson@hamilton.com,19741119,true,57627175
Bautista_f2b74,Christopher,Bautista,Christopher_Bautista@rodgers.com,19941202,true,48834663
Krueger_f41b0,Barbara,Krueger,Barbara_Krueger@strong.com,19520322,true,30905343
Oconnor_efac7,Monica,Oconnor,Monica_Oconnor@gordon.com,19800701,true,97887295
Johnson_317e0,Peggy,Johnson,Peggy_Johnson@berg.com,19720328,true,34795631
Herrera_2275e,Susan,Herrera,Susan_Herrera@gomez.com,19550826,true,24027735
Matthews_33105,Andrew,Matthews,Andrew_Matthews@ramos-vaughn.com,19880219,true,90821359
Kennedy_e1e07,Erin,Kennedy,Erin_Kennedy@hendricks-mason.com,19650109,true,35865639
Lopez_ad64b,Jason,Lopez,Jason_Lopez@wood-hill.com,19740830,true,11287127
Clark_850e2,Jerry,Clark,Jerry_Clark@perez.com,19950928,true,46859655
Kim_bc531,Alyssa,Kim,Alyssa_Kim@beck-zuniga.com,19900811,true,59732335
Williams_225d6,Courtney,Williams,Courtney_Williams@garner.com,19990919,true,27598999
Haynes_d74e4,Kevin,Haynes,Kevin_Haynes@jones.com,19690624,true,75433787
Hicks_c3ab0,John,Hicks,John_Hicks@weber.com,19530912,true,95395487
Kennedy_b93e8,Eric,Kennedy,Eric_Kennedy@mcdonald.com,19990522,true,77994331
Nelson_49b51,Matthew,Nelson,Matthew_Nelson@hunt.com,19580127,true,45515247
Glover_9a700,Carolyn,Glover,Carolyn_Glover@walker.com,19790714,true,87832791
Moore_bd6b1,Robert,Moore,Robert_Moore@young.com,19550415,true,19512199
Mcgee_84007,Nicole,Mcgee,Nicole_Mcgee@reyes.com,19590303,true,34539135
Hunter_c76d0,Danielle,Hunter,Danielle_Hunter@ballard.com,19710811,true,99947039
Perez_016c7,Kelly,Perez,Kelly_Perez@ward-wilson.com,19600519,true,60614735
Odom_e8796,Mary,Odom,Mary_Odom@morgan-reynolds.com,19630813,true,98738367
Gibson_a7c50,Arthur,Gibson,Arthur_Gibson@thompson-thompson.com,19610603,true,75411807
Brennan_fbe29,Katherine,Brennan,Katherine_Brennan@garcia.net,19771113,true,37918255
Miller_5a80b,Christopher,Miller,Christopher_Miller@kelly.com,19850131,true,16222031
Hopkins_7c2f6,Amber,Hopkins,Amber_Hopkins@hall.com,19750831,true,15289039
Lara_05622,Christine,Lara,Christine_Lara@barnes-lee.com,19590103,true,77716475
Garcia_76b84,Nancy,Garcia,Nancy_Garcia@lewis-hayden.com,19680305,true,62971303
Rhodes_a5121,Alex,Rhodes,Alex_Rhodes@russell.net,19780913,true,75808519
Bennett_1ed65,Daniel,Bennett,Daniel_Bennett@stephens-oneill.com,19730228,true,20776023
Woodard_0dee6,Kevin,Woodard,Kevin_Woodard@lynch.com,19550809,true,30319911
Wheeler_62b5f,Todd,Wheeler,Todd_Wheeler@woods.com,19960904,true,50356375
Woods_5e5f2,Linda,Woods,Linda_Woods@diaz.com,19611127,true,81195711
Peterson_9e709,Alan,Peterson,Alan_Peterson@burch.com,19760129,true,88993663
Grant_46694,Jacob,Grant,Jacob_Grant@cummings.com,19911204,true,94196575
Johnson_fcba1,Gabrielle,Johnson,Gabrielle_Johnson@serrano.com,19581006,true,35424207
Howard_45839,Anne,Howard,Anne_Howard@rowe.com,19690610,true,35198251
Morales_0598c,Caleb,Morales,Caleb_Morales@collins.com,19660329,true,69459679
Dominguez_e2663,James,Dominguez,James_Dominguez@black.com,19881205,true,49527207
Cardenas_35ae4,Kathryn,Cardenas,Kathryn_Cardenas@skinner.com,19830508,true,81016239
Santiago_5cbec,Jeffrey,Santiago,Jeffrey_Santiago@duncan.com,19750228,true,93827623
Mclaughlin_b2423,Andrew,Mclaughlin,Andrew_Mclaughlin@fitzpatrick-lucas.com,19730514,true,66417719
Porter_e9e42,Bryan,Porter,Bryan_Porter@elliott.com,19570214,true,88089671
Smith_750a9,Brendan,Smith,Brendan_Smith@williams.com,19580516,true,67839775
Wilson_09540,Amy,Wilson,Amy_Wilson@cortez.net,19740412,true,64392323
Clark_f30a3,David,Clark,David_Clark@fleming.com,19850801,true,44834223
Joseph_f0dcb,Erika,Joseph,Erika_Joseph@romero.com,19810303,true,51075039
Hernandez_f3251,Jeffrey,Hernandez,Jeffrey_Hernandez@mcdaniel.com,19891231,true,76263607
Miller_375ad,Michael,Miller,Michael_Miller@taylor-moore.com,19640520,true,17581687
Newman_069d1,Theresa,Newman,Theresa_Newman@perry-scott.com,19941129,true,36575799
Romero_7ffde,Paul,Romero,Paul_Romero@middleton-jones.com,19601007,true,98843943
Ramirez_04ceb,Kathleen,Ramirez,Kathleen_Ramirez@banks-wright.com,19550829,true,40351711
Choi_e37de,Janet,Choi,Janet_Choi@neal.com,19860718,true,66675695
Bender_b8ade,Mark,Bender,Mark_Bender@oneal-wilkins.com,19690911,true,27354911
Brown_b08b0,Abigail,Brown,Abigail_Brown@jones-underwood.com,19801008,true,15726143
Dominguez_821d7,Antonio,Dominguez,Antonio_Dominguez@nichols.com,19801115,true,75861007
Morris_1057d,Tony,Morris,Tony_Morris@davis.com,19700805,true,33280551
Carlson_d8db2,Randy,Carlson,Randy_Carlson@rivera.com,19550530,true,51211679
Pierce_7e42c,Mitchell,Pierce,Mitchell_Pierce@houston-conway.net,20010824,true,96845551
West_0afba,Angela,West,Angela_West@anderson-fitzgerald.com,19810427,true,59397207
Lyons_5c73e,Sherry,Lyons,Sherry_Lyons@carson-copeland.com,19980902,true,47672835
Butler_c810e,Jennifer,Butler,Jennifer_Butler@arellano-morris.com,19511118,true,16079075
Peters_c9aea,Kevin,Peters,Kevin_Peters@edwards.com,19670206,true,28855487
Conway_b14b9,Benjamin,Conway,Benjamin_Conway@burton-paul.com,19551228,true,23338319
Mccarty_6f29c,Noah,Mccarty,Noah_Mccarty@rios-oneill.com,19650620,true,64718427
Stewart_5a9fe,Andrew,Stewart,Andrew_Stewart@wong.com,19510212,true,19799879
Jones_e27fe,Brenda,Jones,Brenda_Jones@lang.com,19550804,true,62608823
Shannon_6484d,Jerry,Shannon,Jerry_Shannon@sweeney-gibbs.com,19510505,true,86239787
Brown_75572,Blake,Brown,Blake_Brown@george-kelly.net,19570615,true,34835327
Bowers_29d22,Michael,Bowers,Michael_Bowers@klein-barry.com,20020903,true,70074031
Bailey_5c8a5,Elizabeth,Bailey,Elizabeth_Bailey@stephenson-arnold.com,19630101,true,20218071
Cruz_a17c6,James,Cruz,James_Cruz@bender-harris.com,19500730,true,18758595
Levy_b4299,Kelly,Levy,Kelly_Levy@barajas.com,19940508,true,74468255
Burton_e624b,Thomas,Burton,Thomas_Burton@dunn-avery.net,19750419,true,14613071
Garcia_ea09c,Kimberly,Garcia,Kimberly_Garcia@tapia.com,19630801,true,41397407
Peterson_c41f4,Paul,Peterson,Paul_Peterson@bullock.com,20021225,true,59148863
Reilly_1c829,Michael,Reilly,Michael_Reilly@cooper.net,19720514,true,33876967
Martinez_d6f6b,Alejandra,Martinez,Alejandra_Martinez@jones.com,19791221,true,87381327
Sanders_e813f,Timothy,Sanders,Timothy_Sanders@harrell.com,19521003,true,63453583
Little_c16bd,Latoya,Little,Latoya_Little@martinez.com,19780807,true,43404335
Harvey_119d2,Sarah,Harvey,Sarah_Harvey@martin-smith.com,19600331,true,58520471
Hansen_df29c,Aaron,Hansen,Aaron_Hansen@mckinney.com,19980128,true,51639887
Ortiz_84be0,Melissa,Ortiz,Melissa_Ortiz@lee-malone.com,19580729,true,49637727
Hernandez_bcb5b,Brooke,Hernandez,Brooke_Hernandez@benitez.com,19911114,true,97309975
Livingston_19295,Lisa,Livingston,Lisa_Livingston@glover.com,19500423,true,20519415
Mason_6bc9b,Eugene,Mason,Eugene_Mason@gardner.com,19781213,true,47810855
Cunningham_12799,Daniel,Cunningham,Daniel_Cunningham@cooper.com,19730326,true,78657983
Smith_894dd,Alex,Smith,Alex_Smith@johnson.com,20020503,true,58965703
Jennings_18c5d,Charles,Jennings,Charles_Jennings@cochran.net,19750714,true,70913863
Vargas_ed53f,Jessica,Vargas,Jessica_Vargas@miller-price.net,19810517,true,48925903
Clark_92a9e,Olivia,Clark,Olivia_Clark@wade-roberson.com,19741001,true,67793735
Allen_3a518,Ricky,Allen,Ricky_Allen@roberts-mendoza.com,19610619,true,61433467
Carney_0d73a,Cathy,Carney,Cathy_Carney@williams.net,19970522,true,31104151
Spencer_c60e6,Ashley,Spencer,Ashley_Spencer@anderson.com,19910126,true,68555775
Strickland_c68d2,Victoria,Strickland,Victoria_Strickland@mccarthy-stewart.com,19530730,true,31595971
Smith_5b12e,Patrick,Smith,Patrick_Smith@molina.net,19720129,true,76398335
West_15f40,Samuel,West,Samuel_West@johnson-ryan.net,20020627,true,50354899
Baldwin_b3439,Haley,Baldwin,Haley_Baldwin@bush-wolfe.com,19650413,true,31940631
Wilson_51998,Alexander,Wilson,Alexander_Wilson@barron-garcia.com,19881111,true,13893319
Cole_2b0a2,April,Cole,April_Cole@vargas.com,19610622,true,65186503
Riley_3e1f8,Holly,Riley,Holly_Riley@stokes.com,19740728,true,55620431
Poole_23f28,Jeffrey,Poole,Jeffrey_Poole@cross.com,19570204,true,82077439
Poole_c5b79,Rachel,Poole,Rachel_Poole@jones.net,19760708,true,35095087
Ward_57d0c,Sheena,Ward,Sheena_Ward@wilson-mcbride.com,19730926,true,96834175
Smith_9f8dc,Cynthia,Smith,Cynthia_Smith@smith.com,19510905,true,48760255
Clayton_7f5be,Kevin,Clayton,Kevin_Clayton@miller.com,19750708,true,25081071
Smith_774d5,Deanna,Smith,Deanna_Smith@cooke.com,19510416,true,50395271
Coleman_db259,Sarah,Coleman,Sarah_Coleman@novak.com,19500119,true,37411775
Butler_19820,Kurt,Butler,Kurt_Butler@taylor.net,19640621,true,43394675
Becker_dd317,Cody,Becker,Cody_Becker@hansen.com,19601216,true,76003567
Miller_4ae09,Molly,Miller,Molly_Miller@king-kelly.net,19771105,true,99947663
Bailey_fac5d,Craig,Bailey,Craig_Bailey@hancock-brown.com,19970713,true,33032303
Gray_00c0a,Patricia,Gray,Patricia_Gray@dawson.com,19660319,true,18281751
Rivera_6a7ce,Robert,Rivera,Robert_Rivera@gibson.com,19500722,true,35020847
Lewis_afe1c,Michelle,Lewis,Michelle_Lewis@wiggins-thornton.com,19830121,true,64700455
Owens_4cd37,John,Owens,John_Owens@callahan.com,19670424,true,71230983
Smith_313dd,Sarah,Smith,Sarah_Smith@kirk.com,19680804,true,22702359
Lucas_94653,Nancy,Lucas,Nancy_Lucas@aguilar.com,19830706,true,91477863
Murray_a46c7,Christina,Murray,Christina_Murray@collins-day.com,19791217,true,35027583
Berry_c02ad,Emma,Berry,Emma_Berry@charles.com,19940107,true,34612959
Hawkins_8aa4f,Jason,Hawkins,Jason_Hawkins@adams-hunter.com,19541001,true,31750255
Rodriguez_84bf3,Jeffrey,Rodriguez,Jeffrey_Rodriguez@johnson-white.com,19690718,true,29947599
Miller_84bb3,Christina,Miller,Christina_Miller@marshall-lucas.com,19530425,true,92153503
Miller_208dd,Maria,Miller,Maria_Miller@roberts.com,19941221,true,86317751
Davis_3a81f,Eileen,Davis,Eileen_Davis@knox.com,19520404,true,19544735
Kelley_336ba,John,Kelley,John_Kelley@george-barker.com,19960928,true,99919107
Miller_4e2a7,Harry,Miller,Harry_Miller@warner-jackson.com,19890613,true,63478047
Montes_29eaa,Ellen,Montes,Ellen_Montes@sellers.com,19610714,true,16519759
Mclean_3b78d,Gregory,Mclean,Gregory_Mclean@valencia.com,19610801,true,38860951
Spencer_071ed,Angela,Spencer,Angela_Spencer@lopez.com,19980502,true,18410783
Price_fb35b,Christina,Price,Christina_Price@kennedy-tran.com,19860508,true,65381695
Morris_05ed3,Michael,Morris,Michael_Morris@nelson.net,19790924,true,62959695
Randall_fe7f8,Amber,Randall,Amber_Randall@boyd-freeman.net,19520910,true,60506343
Morris_f9657,Matthew,Morris,Matthew_Morris@boyle-novak.com,19981111,true,49822607
Blackburn_0c5fb,Cindy,Blackburn,Cindy_Blackburn@bolton.net,20001008,true,86098071
Jacobson_496c2,Matthew,Jacobson,Matthew_Jacobson@bishop-thomas.com,19510412,true,99110191
Jones_c6f5d,Stacy,Jones,Stacy_Jones@perez.com,19940909,true,71998399
Zimmerman_881d6,Scott,Zimmerman,Scott_Zimmerman@fischer.com,19560130,true,70071511
Silva_fff90,Dakota,Silva,Dakota_Silva@barker-miller.com,19790710,true,41853599
Spencer_d5b01,Jacob,Spencer,Jacob_Spencer@jefferson.net,19620226,true,41992359
Hudson_9d670,Barbara,Hudson,Barbara_Hudson@robinson-jones.com,19971028,true,33194551
Peterson_c30b8,Sherry,Peterson,Sherry_Peterson@dillon-barber.com,19691126,true,91916671
Bird_86853,Austin,Bird,Austin_Bird@young-stout.com,19760515,true,53713179
Oliver_94edc,Matthew,Oliver,Matthew_Oliver@mitchell.com,19720423,true,14016935
Maddox_6974f,Roger,Maddox,Roger_Maddox@richards.com,19810426,true,86988519
Higgins_bc84f,Kristin,Higgins,Kristin_Higgins@leonard.com,19981219,true,58071267
Johnson_e0381,Gilbert,Johnson,Gilbert_Johnson@jones.com,19850923,true,97191811
Gutierrez_c61e8,Bryan,Gutierrez,Bryan_Gutierrez@short-huerta.net,19881118,true,84795039
Schultz_5fff4,Peter,Schultz,Peter_Schultz@shah.com,19570829,true,78301895
Smith_473c4,Karen,Smith,Karen_Smith@washington.com,19630505,true,91036383
Burke_a32e6,Justin,Burke,Justin_Burke@johnson.com,19960212,true,43401655
Ramsey_4c3e8,Sarah,Ramsey,Sarah_Ramsey@hayes.com,19640622,true,63376279
Chang_e27c8,Michael,Chang,Michael_Chang@watkins.com,19900209,true,99632783
Hughes_bf91b,Pamela,Hughes,Pamela_Hughes@rivas-garza.com,19570116,true,32117783
Morris_25892,Jimmy,Morris,Jimmy_Morris@hall-watkins.com,19640120,true,31836895
Romero_e5750,Lauren,Romero,Lauren_Romero@davis.com,20020425,true,50100783
Jones_2b07e,Adam,Jones,Adam_Jones@kline-reeves.com,19570107,true,83246639
Kidd_ad962,Michelle,Kidd,Michelle_Kidd@klein-goodman.com,19500222,true,80511627
Murphy_5dc4e,Matthew,Murphy,Matthew_Murphy@graham.com,19600216,true,18189831
Arroyo_a6982,Jessica,Arroyo,Jessica_Arroyo@flores-evans.com,20021019,true,24971015
Zuniga_a2d94,Caleb,Zuniga,Caleb_Zuniga@stone.net,19681028,true,36180711
Walton_dc147,Kenneth,Walton,Kenneth_Walton@anderson.com,19950309,true,93358011
Moreno_8048c,Cheyenne,Moreno,Cheyenne_Moreno@hampton.com,19600912,true,61341887
Lopez_93fe3,Courtney,Lopez,Courtney_Lopez@sanders.com,19710810,true,35323391
Williamson_2b72a,Kenneth,Williamson,Kenneth_Williamson@perez.com,19540310,true,36169599
Armstrong_e8b45,William,Armstrong,William_Armstrong@richards.net,19641118,true,25119611
Browning_1f631,Bruce,Browning,Bruce_Browning@robertson-baldwin.com,19631113,true,22984503
Gilbert_cba39,Shannon,Gilbert,Shannon_Gilbert@brown-schaefer.com,19920613,true,34472903
Brown_cde99,Amanda,Brown,Amanda_Brown@williams.com,19541218,true,52400391
Mitchell_31c89,Pedro,Mitchell,Pedro_Mitchell@sims.com,19610927,true,99595743
Gomez_010a6,Riley,Gomez,Riley_Gomez@hoffman.com,19810211,true,20838807
Price_e8f96,Shelby,Price,Shelby_Price@fuller.net,19860807,true,74350543
Harris_fc222,Scott,Harris,Scott_Harris@mullins.com,19901214,true,36307567
Franklin_f8d94,Bonnie,Franklin,Bonnie_Franklin@gillespie.com,19880714,true,22008807
Morris_73a97,Ashley,Morris,Ashley_Morris@marshall.net,20021001,true,13085855
Stark_91945,Christopher,Stark,Christopher_Stark@blackwell.com,19710307,true,94716219
Johnson_8fef3,Vanessa,Johnson,Vanessa_Johnson@barber.com,19601019,true,89236567
Jensen_676e2,Jack,Jensen,Jack_Jensen@kent-williamson.net,19601229,true,93571087
Armstrong_f79a4,Daniel,Armstrong,Daniel_Armstrong@brown.com,19820714,true,18991247
Donovan_6c619,Susan,Donovan,Susan_Donovan@jordan-anderson.com,19690130,true,85222335
Serrano_1ec7e,Michael,Serrano,Michael_Serrano@turner-maldonado.com,19820711,true,12792543
Powell_4f74d,Michael,Powell,Michael_Powell@mccall.com,19941127,true,63894311
Lowe_73be1,Alexander,Lowe,Alexander_Lowe@morris.com,19610508,true,93074023
Vega_91945,Jennifer,Vega,Jennifer_Vega@jenkins.net,19710307,true,66551251
Wilson_6845c,Aaron,Wilson,Aaron_Wilson@burke-benton.net,19870517,true,75053391
Lee_d3d5c,Samuel,Lee,Samuel_Lee@gardner-rodriguez.net,19740902,true,57636831
Weaver_feb81,Jennifer,Weaver,Jennifer_Weaver@patterson.com,19781015,true,74152151
Ortega_17e39,Timothy,Ortega,Timothy_Ortega@ramos.com,19980104,true,59312963
Hamilton_f2276,Leonard,Hamilton,Leonard_Hamilton@brown.com,19880229,true,76082775
Phillips_608c9,Kathy,Phillips,Kathy_Phillips@floyd.com,19841216,true,57829247
Simmons_cd946,Danny,Simmons,Danny_Simmons@morales.com,19631013,true,26313911
Jimenez_5ed59,Jennifer,Jimenez,Jennifer_Jimenez@morgan.com,19921121,true,59592559
Lopez_7b621,Penny,Lopez,Penny_Lopez@young-huang.net,19540925,true,99596291
Lawson_6d37f,Victoria,Lawson,Victoria_Lawson@snyder.com,19540412,true,24045823
Martinez_bc0fc,Michael,Martinez,Michael_Martinez@hogan.net,19521107,true,40271975
Sullivan_61495,Samantha,Sullivan,Samantha_Sullivan@cunningham-williams.com,19600423,true,64913455
Jones_f903f,Paul,Jones,Paul_Jones@clark-irwin.com,19940215,true,91301999
Tran_40aaa,Danielle,Tran,Danielle_Tran@mann.com,19880826,true,85246679
Jones_cdd9f,Marissa,Jones,Marissa_Jones@lewis.net,19580806,true,32094119
Roy_57ef7,Elijah,Roy,Elijah_Roy@jones-baldwin.com,19870705,true,57159015
Simpson_7383f,Courtney,Simpson,Courtney_Simpson@preston-cantrell.com,19731103,true,77314887
Hopkins_56d12,Kimberly,Hopkins,Kimberly_Hopkins@adams.com,19931022,true,67364511
King_4ae33,William,King,William_King@cline-allen.com,19841115,true,21561215
Robertson_e101e,Stephanie,Robertson,Stephanie_Robertson@owen-rodriguez.com,20020508,true,75259367
Hill_bd6cc,Rickey,Hill,Rickey_Hill@parker-cohen.com,19640430,true,56465207
Stewart_40f40,Erika,Stewart,Erika_Stewart@solis.com,19851226,true,83552695
Allen_c7f06,Gregory,Allen,Gregory_Allen@stanley.net,19780122,true,48871907
Johnson_5dcd5,Christina,Johnson,Christina_Johnson@clark.com,20010622,true,30262983
Wells_5c2c0,Kelli,Wells,Kelli_Wells@jones.com,19540308,true,27406215
Archer_c6232,Nathan,Archer,Nathan_Archer@gray.com,19560723,true,72954367
Kline_6fe75,Michael,Kline,Michael_Kline@phelps-alvarez.com,19650623,true,20968343
Rodriguez_1eec6,Joshua,Rodriguez,Joshua_Rodriguez@thornton-benitez.com,19530317,true,27953967
Rodriguez_a7ea3,James,Rodriguez,James_Rodriguez@logan.com,19810717,true,50981423
Ortega_7f647,Robert,Ortega,Robert_Ortega@perez.com,19600316,true,57040695
Ruiz_e89df,Teresa,Ruiz,Teresa_Ruiz@holmes.com,19510904,true,22432447
Mejia_10b0a,Madison,Mejia,Madison_Mejia@sims.com,19530323,true,73824679
Bailey_6dd20,James,Bailey,James_Bailey@flynn.net,19860710,true,26146743
Perry_e8625,Mary,Perry,Mary_Perry@williams.net,19730808,true,57879711
Jones_85733,Crystal,Jones,Crystal_Jones@webb.com,19620914,true,39588047
Brown_9035e,Aaron,Brown,Aaron_Brown@yates.com,19860502,true,43815191
Contreras_91010,Brian,Contreras,Brian_Contreras@hill.net,19650708,true,89794399
Barajas_c09f8,Tanya,Barajas,Tanya_Barajas@davis.com,19740430,true,92793871
Frost_ddfa1,Ashley,Frost,Ashley_Frost@brown-hill.com,19521020,true,16473423
Rasmussen_0fcc4,Samantha,Rasmussen,Samantha_Rasmussen@stokes-leon.com,19940621,true,26634223
Weber_b3165,Erica,Weber,Erica_Weber@harris-fox.com,19930809,true,20074939
Campbell_fe47b,Amanda,Campbell,Amanda_Campbell@parker.com,19810324,true,21954431
Martin_92713,Vincent,Martin,Vincent_Martin@wright-lee.com,19840124,true,55457087
Crawford_a2a35,Tony,Crawford,Tony_Crawford@moore.com,19870818,true,15997263
Sullivan_7d828,Randy,Sullivan,Randy_Sullivan@perez.net,19611025,true,15665967
Thompson_5e06b,Kimberly,Thompson,Kimberly_Thompson@brewer-walters.net,20001112,true,88531623
Hopkins_cfbfa,William,Hopkins,William_Hopkins@snyder.com,20010104,true,12277875
Compton_395a9,Martin,Compton,Martin_Compton@morgan.com,19840602,true,42037887
Gross_9a287,Anthony,Gross,Anthony_Gross@pratt.com,19660423,true,92193723
Brown_8baf8,Tracy,Brown,Tracy_Brown@joyce.com,19720823,true,26044711
Stanley_a95cd,James,Stanley,James_Stanley@beltran.com,20011008,true,51351887
Jenkins_e5537,Norma,Jenkins,Norma_Jenkins@larson.com,19570323,true,78071863
Preston_b78bc,Leslie,Preston,Leslie_Preston@johns.com,19721005,true,71892959
Parker_311d6,Jay,Parker,Jay_Parker@fowler.net,19930930,true,57583783
Williams_44d67,Lance,Williams,Lance_Williams@williams.net,19730807,true,19310567
Taylor_10cf5,Carl,Taylor,Carl_Taylor@melendez.com,19750112,true,27075015
Dean_33bcc,Brenda,Dean,Brenda_Dean@allison-hill.com,19690215,true,55037019
Allen_b02ca,Kathleen,Allen,Kathleen_Allen@cook.com,19860113,true,38829559
Olsen_98e22,Patricia,Olsen,Patricia_Olsen@haynes-blankenship.com,19981124,true,70673187
Lamb_5dc6d,Marie,Lamb,Marie_Lamb@hampton.com,19790410,true,26841263
Flores_b1169,Nathan,Flores,Nathan_Flores@gibbs.net,19790904,true,86883135
Caldwell_aa013,Ashley,Caldwell,Ashley_Caldwell@mason-bryant.com,19880903,true,13420663
Frank_97c93,David,Frank,David_Frank@reyes-thomas.com,19680928,true,31192639
Martin_caab2,Renee,Martin,Renee_Martin@crawford-walker.com,19810421,true,55803823
Parker_0793e,Keith,Parker,Keith_Parker@moore.com,19640826,true,40120471
Blake_ed155,Ernest,Blake,Ernest_Blake@long.com,19990621,true,27155511
Levy_bef91,Melissa,Levy,Melissa_Levy@arroyo.com,19500330,true,51842935
Powell_fe4b6,Brandon,Powell,Brandon_Powell@craig-gonzales.net,19760606,true,43375815
Holloway_485d0,Lisa,Holloway,Lisa_Holloway@brown.com,19720102,true,73751431
Stone_1d9aa,Kimberly,Stone,Kimberly_Stone@murphy-bryant.com,19940512,true,25323999
Jones_575ba,Adam,Jones,Adam_Jones@ashley.com,19730316,true,55082935
Tucker_0eb60,Richard,Tucker,Richard_Tucker@murphy.com,19710625,true,53838335
Andersen_61066,Elizabeth,Andersen,Elizabeth_Andersen@baker.com,19740123,true,69096535
Lutz_6aa1c,Destiny,Lutz,Destiny_Lutz@thompson-wright.com,19941204,true,87853607
Allen_54dd1,Brandy,Allen,Brandy_Allen@hardy-griffin.com,19810113,true,92130799
Decker_0c2ca,Stephanie,Decker,Stephanie_Decker@barrett.net,19770905,true,92626639
Keller_86f7a,Michelle,Keller,Michelle_Keller@johnson.com,19510706,true,56139711
Yates_d9866,Stacey,Yates,Stacey_Yates@lewis.com,19920812,true,30115967
Lee_f9df7,Sue,Lee,Sue_Lee@rojas.com,19860829,true,97367575
Long_850ab,Anna,Long,Anna_Long@coleman.com,19740316,true,52566967
Watson_6dc0c,Annette,Watson,Annette_Watson@brown-brennan.com,19580423,true,67851175
Perez_6ff11,Robert,Perez,Robert_Perez@anderson-shaw.net,19690528,true,38876643
Thomas_6cc50,James,Thomas,James_Thomas@torres.net,19520509,true,58718239
Olson_50aa7,Kelli,Olson,Kelli_Olson@campbell.net,19960723,true,50265023
Reid_1bdd4,Becky,Reid,Becky_Reid@vargas.net,19751027,true,37025287
Shaw_afe1c,Wesley,Shaw,Wesley_Shaw@henderson-gibson.com,19830121,true,76819471
Boyd_94bd7,Pamela,Boyd,Pamela_Boyd@freeman.com,19680628,true,25030751
Lewis_644d9,Jeremy,Lewis,Jeremy_Lewis@murray.com,19530107,true,44159519
Garza_be6d1,Jennifer,Garza,Jennifer_Garza@herrera-klein.com,19890603,true,31999455
Wilson_0ce7d,Larry,Wilson,Larry_Wilson@perry.com,19670221,true,56158527
Thompson_9e058,Joshua,Thompson,Joshua_Thompson@morrow.com,19840830,true,98999803
Williams_874b3,Dennis,Williams,Dennis_Williams@rivas.com,19661107,true,93993079
Morton_e4bde,Karen,Morton,Karen_Morton@romero.com,19910410,true,36838791
Perry_b530f,Joseph,Perry,Joseph_Perry@tucker.com,19510616,true,16254071
Herman_0ab62,Heather,Herman,Heather_Herman@williams-lindsey.com,19710606,true,97877423
Lopez_ea347,Laura,Lopez,Laura_Lopez@rodriguez.com,19901221,true,72627367
Webb_5b693,Joel,Webb,Joel_Webb@solis-swanson.com,19891009,true,37839071
Malone_73ad1,Donna,Malone,Donna_Malone@brown.com,19521007,true,89038207
Barnes_f462c,Reginald,Barnes,Reginald_Barnes@walker-robinson.com,19730214,true,19884399
House_3cb13,Brett,House,Brett_House@rose-clarke.com,19841126,true,98114087
Weaver_201e1,Robert,Weaver,Robert_Weaver@young-leonard.com,19820218,true,39131199
Martinez_204f4,Beth,Martinez,Beth_Martinez@johnson.com,19681225,true,87909191
Small_09b68,Nicole,Small,Nicole_Small@nolan-randall.com,19570414,true,82553335
Cline_d04f7,Anthony,Cline,Anthony_Cline@rivera-collier.net,19890125,true,64231171
Ware_0b5e6,Spencer,Ware,Spencer_Ware@montgomery-lane.com,19801009,true,74599951
Erickson_3df9d,Willie,Erickson,Willie_Erickson@bartlett.com,19910110,true,53673855
Nguyen_6a5e7,Daniel,Nguyen,Daniel_Nguyen@mccall.com,19590903,true,37673823
Martinez_7564a,Leonard,Martinez,Leonard_Martinez@mcbride.com,19560922,true,14452319
Forbes_60d80,Thomas,Forbes,Thomas_Forbes@beck.com,19591023,true,25036935
Stephens_5a6e3,Robert,Stephens,Robert_Stephens@lopez.com,20000619,true,92784815
Mayo_d6f2e,Kevin,Mayo,Kevin_Mayo@pope-jones.com,19761029,true,76234311
Chen_7d3b1,Daniel,Chen,Daniel_Chen@little.com,19520716,true,46750383
Dalton_32ce4,Samuel,Dalton,Samuel_Dalton@marquez.com,19960916,true,75194711
Bennett_dcbc8,Heather,Bennett,Heather_Bennett@hamilton-blair.com,20020105,true,64795847
King_f3369,Joshua,King,Joshua_King@hale.net,20000601,true,99342223
Blake_e7660,Crystal,Blake,Crystal_Blake@parker.com,19701117,true,97878511
Combs_2d19f,Heather,Combs,Heather_Combs@powell.com,19590428,true,18518647
Evans_62a52,Amanda,Evans,Amanda_Evans@cox.com,19590224,true,92559519
Day_69b70,Sergio,Day,Sergio_Day@guzman-garrett.com,19510531,true,27091295
Boyd_9e514,Julie,Boyd,Julie_Boyd@white-george.com,19690906,true,47949079
Barnes_bc727,Tara,Barnes,Tara_Barnes@shepherd.com,19540801,true,42232079
Watkins_c9964,Logan,Watkins,Logan_Watkins@hernandez.com,20000511,true,87081215
Ortiz_8f14e,Steven,Ortiz,Steven_Ortiz@hamilton.com,19670506,true,15073183
Marquez_7aa36,Lisa,Marquez,Lisa_Marquez@day-smith.com,19710326,true,18443671
Hughes_0c3d2,Sergio,Hughes,Sergio_Hughes@cardenas.com,19810309,true,86954943
Rojas_1f285,Destiny,Rojas,Destiny_Rojas@stanton.com,19860121,true,27351983
Lewis_07faf,Danny,Lewis,Danny_Lewis@turner.com,19521225,true,41036747
Martin_82381,Jennifer,Martin,Jennifer_Martin@moore.com,19830527,true,83212175
Chandler_4ab75,Arthur,Chandler,Arthur_Chandler@martin.com,19610210,true,18438007
Crosby_9b4b3,Cheryl,Crosby,Cheryl_Crosby@bowman-potter.com,19580930,true,54032091
Hudson_31f1d,Ronald,Hudson,Ronald_Hudson@carson.com,19510310,true,66192423
Lee_f2321,Jennifer,Lee,Jennifer_Lee@guerra-lopez.com,19500401,true,35305031
Yoder_70108,Gregory,Yoder,Gregory_Yoder@robinson-johnson.com,19530620,true,75705319
Harmon_69598,Carolyn,Harmon,Carolyn_Harmon@watts-horn.com,19980124,true,55977599
Harrell_7257b,Christopher,Harrell,Christopher_Harrell@lindsey.com,19700630,true,52999479
Johnson_a67f3,Kevin,Johnson,Kevin_Johnson@rogers.com,19930802,true,15154639
Harrison_087c8,Michael,Harrison,Michael_Harrison@franklin.com,19510819,true,29087871
Moore_c62aa,Terry,Moore,Terry_Moore@barker-ayers.com,19870615,true,19828167
Rogers_656af,James,Rogers,James_Rogers@green.net,19930704,true,65821255
Tran_b0eca,Kathleen,Tran,Kathleen_Tran@wilson.net,19740211,true,20044927
Conway_ae427,Jacqueline,Conway,Jacqueline_Conway@robinson-carson.com,19710617,true,91842383
Clark_35061,Chad,Clark,Chad_Clark@hodges.com,19610919,true,54277383
Cole_92aa4,Maxwell,Cole,Maxwell_Cole@larson.com,19510203,true,41796463
Williamson_2b72a,Bethany,Williamson,Bethany_Williamson@flores.com,19540310,true,40227935
Wright_f1b73,Joseph,Wright,Joseph_Wright@powell.net,19570521,true,40768583
Rogers_3818b,Thomas,Rogers,Thomas_Rogers@banks-perkins.net,19970819,true,36072875
Lewis_11948,Jenny,Lewis,Jenny_Lewis@flores.com,19970706,true,62475987
Bolton_06e0a,Heidi,Bolton,Heidi_Bolton@spencer.com,19560616,true,58079023
Lewis_e0082,Daniel,Lewis,Daniel_Lewis@robertson.com,19770205,true,48084439
Ramirez_63293,Dale,Ramirez,Dale_Ramirez@patton.com,19550323,true,59875791
Sharp_19bdd,Carol,Sharp,Carol_Sharp@garcia-lamb.com,19751203,true,18014567
Buck_542b9,Joseph,Buck,Joseph_Buck@jacobs.com,19520311,true,34270063
Anderson_542fb,Lynn,Anderson,Lynn_Anderson@williams-carter.com,19960113,true,75488911
Andrews_bbb39,Emily,Andrews,Emily_Andrews@reyes-singh.com,19550427,true,20594859
Harris_526ca,Sarah,Harris,Sarah_Harris@thomas-sanchez.com,20010530,true,52442775
Owens_620f1,Victor,Owens,Victor_Owens@collins.com,19960815,true,53064383
Koch_43971,Kimberly,Koch,Kimberly_Koch@rodriguez.net,19870125,true,35893839
Obrien_00e34,Allison,Obrien,Allison_Obrien@bailey-sanders.com,19620423,true,81154631
Rogers_83dc9,John,Rogers,John_Rogers@oneill.com,19710509,true,21046575
Bailey_13f67,Laura,Bailey,Laura_Bailey@snyder.com,19700811,true,56551543
Collins_120bd,Janet,Collins,Janet_Collins@farrell.com,19840721,true,89424095
Lawson_a0aec,Kristin,Lawson,Kristin_Lawson@salinas.com,19761101,true,36661711
Castaneda_7660a,James,Castaneda,James_Castaneda@miller-hart.com,19640126,true,64715807
Middleton_02dfc,Michael,Middleton,Michael_Middleton@williams-zamora.com,19810804,true,85114431
Ortiz_66abd,Robert,Ortiz,Robert_Ortiz@saunders-hunter.com,19761108,true,80296223
Harper_709ac,Connie,Harper,Connie_Harper@lewis.com,19950627,true,21369119
Burns_f2b3a,Debbie,Burns,Debbie_Burns@salinas.com,19830806,true,95570935
Preston_b6298,Gabriel,Preston,Gabriel_Preston@black.com,19961120,true,88336263
Hodges_0c95a,Steven,Hodges,Steven_Hodges@sanchez-phillips.com,19510903,true,65795715
Orozco_02d2b,Brandon,Orozco,Brandon_Orozco@greene.com,19870717,true,59988495
Nguyen_6f546,Kari,Nguyen,Kari_Nguyen@farley.com,19991119,true,47980591
Hill_2c87a,Brittany,Hill,Brittany_Hill@rogers-hoffman.com,19870605,true,90817791
Martinez_a7c33,Carrie,Martinez,Carrie_Martinez@hendrix.com,19740124,true,96107743
Hill_e24f9,Jeffery,Hill,Jeffery_Hill@cook-lloyd.com,19591223,true,26071551
White_e9960,Linda,White,Linda_White@moore.com,19751015,true,84876711
Spencer_c21d7,Jake,Spencer,Jake_Spencer@murphy.com,20020509,true,53533879
Chan_f9d1e,Joseph,Chan,Joseph_Chan@hutchinson-gutierrez.com,19660922,true,19544079
Dominguez_40133,Sara,Dominguez,Sara_Dominguez@delgado.com,19860220,true,69114407
Ali_a2746,Kathleen,Ali,Kathleen_Ali@horn-rogers.com,19960602,true,45338687
Stephens_baaae,Danielle,Stephens,Danielle_Stephens@miller.net,19610929,true,16838823
Wolf_dbc29,Ann,Wolf,Ann_Wolf@wilkins.com,19801112,true,26916187
Schaefer_ff120,Brianna,Schaefer,Brianna_Schaefer@nelson-mcmahon.com,19760312,true,34700887
Morris_d143a,Angela,Morris,Angela_Morris@murray.com,19760207,true,89409391
Kelley_f3101,Cristian,Kelley,Cristian_Kelley@taylor-colon.net,19510108,true,22272647
Turner_a2281,Jeffrey,Turner,Jeffrey_Turner@robinson.com,19840112,true,30152387
Perry_1c3c6,Jesse,Perry,Jesse_Perry@marsh.net,19691013,true,45471479
Cruz_7bf56,Ricardo,Cruz,Ricardo_Cruz@salazar-manning.com,19780205,true,83436279
Smith_69b70,Jessica,Smith,Jessica_Smith@walsh-steele.com,19510531,true,97984639
Long_f0fca,Brenda,Long,Brenda_Long@carter.net,19510914,true,45992583
Taylor_7a3e1,Megan,Taylor,Megan_Taylor@montgomery.com,19931005,true,12610975
Morales_3cabc,Kelly,Morales,Kelly_Morales@sanchez.com,19800227,true,44799815
Johnson_5c594,Sheri,Johnson,Sheri_Johnson@lucas.com,19880422,true,34118127
Pacheco_7ccf5,Lori,Pacheco,Lori_Pacheco@ayala.com,19620630,true,94662495
Schmidt_be25c,Sandra,Schmidt,Sandra_Schmidt@herrera.com,19590711,true,50638143
Hill_bc827,Rachel,Hill,Rachel_Hill@gutierrez.com,19540212,true,55824367
Case_1fe51,Emily,Case,Emily_Case@lewis.com,19850508,true,90216215
Alvarez_f00bd,Seth,Alvarez,Seth_Alvarez@conrad.com,19800801,true,90929927
Reyes_0a636,Jose,Reyes,Jose_Reyes@garcia.com,19700929,true,94563263
Le_44e84,Zachary,Le,Zachary_Le@whitaker.com,19851028,true,56441999
Anthony_91ec3,Rhonda,Anthony,Rhonda_Anthony@lawson.com,19740915,true,12850551
Hill_0d4d9,Joseph,Hill,Joseph_Hill@rodriguez-newton.com,20020923,true,89902687
Davis_dbcb2,Erin,Davis,Erin_Davis@sanchez.net,19600917,true,22992863
Brown_1ebf8,Lucas,Brown,Lucas_Brown@miller.com,19891101,true,34675679
Garcia_72e9b,William,Garcia,William_Garcia@powell.com,19850912,true,25729991
Swanson_b3ea5,Lauren,Swanson,Lauren_Swanson@pena-pierce.com,19610921,true,85204407
Frank_4dfb9,John,Frank,John_Frank@martin.com,19500519,true,42691023
Perry_d9da1,Tony,Perry,Tony_Perry@lewis-holland.com,19730910,true,11231827
Schmidt_54bf2,Nicole,Schmidt,Nicole_Schmidt@stephens.com,19651109,true,86157423
Gray_15cd6,Nathan,Gray,Nathan_Gray@scott-gonzalez.com,19960618,true,48983767
Delgado_f68ba,Nichole,Delgado,Nichole_Delgado@dixon-cruz.com,19720305,true,60338223
Ford_36701,Raven,Ford,Raven_Ford@mcdowell.com,19960213,true,13519207
Rodriguez_3a35b,Marcus,Rodriguez,Marcus_Rodriguez@jones.com,19690511,true,23424599
Grimes_2efc5,Daniel,Grimes,Daniel_Grimes@keith.com,19821126,true,61518103
Solomon_23bae,Samuel,Solomon,Samuel_Solomon@wolf.net,19871230,true,26166751
Miller_5c2c0,Katrina,Miller,Katrina_Miller@grimes.com,19540308,true,81240247
Conner_71970,Raymond,Conner,Raymond_Conner@oneal-johnson.com,19970128,true,95736583
Garcia_14ae7,Cory,Garcia,Cory_Garcia@evans-benson.com,19550202,true,86555943
Fuller_9068b,Lori,Fuller,Lori_Fuller@gordon.com,19680101,true,54288255
Wilson_da57e,Corey,Wilson,Corey_Wilson@hoover-hernandez.com,19531011,true,39467535
Dominguez_db12a,Denise,Dominguez,Denise_Dominguez@long.com,19660628,true,28235547
James_e7a3a,Holly,James,Holly_James@macdonald.com,19641104,true,62732175
Mccarty_a4b9d,Alicia,Mccarty,Alicia_Mccarty@beasley.com,19820916,true,57669519
Christian_90eb3,Zoe,Christian,Zoe_Christian@grant.com,19990319,true,22170983
Watson_61db6,Nicholas,Watson,Nicholas_Watson@williams.com,19620403,true,72181751
Ruiz_956d3,Shirley,Ruiz,Shirley_Ruiz@house-gay.com,19720812,true,23759691
Wood_67f27,Victoria,Wood,Victoria_Wood@proctor-baker.com,19910622,true,13955959
Knight_10192,Jillian,Knight,Jillian_Knight@davenport.com,19881108,true,20417711
Fisher_27703,Ryan,Fisher,Ryan_Fisher@fletcher.com,19871030,true,63505855
Howe_80a05,Stephanie,Howe,Stephanie_Howe@allen.com,19630509,true,37283343
Kim_c0e4a,Kenneth,Kim,Kenneth_Kim@duran.com,19990505,true,37818767
Macias_a4116,Andrew,Macias,Andrew_Macias@douglas.com,19661013,true,28232535
Jackson_89ce6,Lisa,Jackson,Lisa_Jackson@morton-lowe.com,19730114,true,82393203
Huffman_fb25a,Elizabeth,Huffman,Elizabeth_Huffman@zamora.com,19580918,true,15486151
Stone_9ab9f,Christina,Stone,Christina_Stone@medina.com,19930320,true,34449775
Mata_53cfc,Miranda,Mata,Miranda_Mata@martin.com,19930124,true,61632395
Merritt_696fd,Alexander,Merritt,Alexander_Merritt@butler.net,19800913,true,33574735
Alexander_12438,Austin,Alexander,Austin_Alexander@ortiz.com,19950418,true,12638703
Sanders_e9c2f,Kelly,Sanders,Kelly_Sanders@coleman.com,19520413,true,29703695
Jones_fae51,Matthew,Jones,Matthew_Jones@arnold.com,20000615,true,98616991
Juarez_ab899,Donna,Juarez,Donna_Juarez@sanders-briggs.com,19550612,true,60313867
David_39e9f,Sarah,David,Sarah_David@collier.net,19981216,true,97218247
Barajas_62836,Carmen,Barajas,Carmen_Barajas@smith.com,19810526,true,34685455
Johnson_5dcba,Angela,Johnson,Angela_Johnson@stewart.com,19840827,true,62439103
Sparks_a67f3,Melissa,Sparks,Melissa_Sparks@sanchez-stevenson.com,19930802,true,27530863
Serrano_c59d5,Rebecca,Serrano,Rebecca_Serrano@martin.com,19650726,true,48396631
Hill_e971e,Katherine,Hill,Katherine_Hill@tran.com,19830918,true,37709951
Hart_3b264,Kristin,Hart,Kristin_Hart@ortega.com,19661217,true,36255543
Ho_73551,Jacqueline,Ho,Jacqueline_Ho@henry.com,19610131,true,75359367
Rodriguez_c3743,Tyler,Rodriguez,Tyler_Rodriguez@nelson.com,19691123,true,38316039
Knight_d46f2,Michael,Knight,Michael_Knight@davidson.com,19870804,true,71412263
Arroyo_44022,Heather,Arroyo,Heather_Arroyo@martinez.com,19790709,true,36165719
Larson_06714,Lori,Larson,Lori_Larson@flowers.com,19630807,true,38397103
Lopez_b6ee8,Lindsay,Lopez,Lindsay_Lopez@foster.net,19820123,true,62519943
Vazquez_73e4f,David,Vazquez,David_Vazquez@davila-beck.com,19901206,true,57160871
Salazar_cf1ae,Karen,Salazar,Karen_Salazar@wu-cohen.com,19950502,true,89394439
Hicks_5e5f2,Sherry,Hicks,Sherry_Hicks@stout-nicholson.com,19611127,true,12514111
Davila_1977b,Sarah,Davila,Sarah_Davila@nash.com,19790906,true,46685303
Oneill_7278c,Karen,Oneill,Karen_Oneill@gomez.com,19921004,true,72265879
Mills_f511a,Nicholas,Mills,Nicholas_Mills@williams.com,19631001,true,68844231
Montgomery_1a334,Jennifer,Montgomery,Jennifer_Montgomery@estrada-cole.com,19710715,true,53834071
Bailey_13beb,Cynthia,Bailey,Cynthia_Bailey@oneill.com,19790825,true,48942719
Wright_fefcf,John,Wright,John_Wright@harris.com,19831019,true,96650335
Miller_d6676,Kelsey,Miller,Kelsey_Miller@anderson-green.com,19781107,true,45676055
Brown_565a7,Sheila,Brown,Sheila_Brown@stevens-edwards.com,19821128,true,32490999
Moore_a6529,Lisa,Moore,Lisa_Moore@ramos.com,19941119,true,99493567
Haynes_dd4da,Brianna,Haynes,Brianna_Haynes@garcia.com,19980401,true,12153303
Newman_15a27,Julian,Newman,Julian_Newman@haynes.com,19580313,true,49873159
Ferguson_fb458,Thomas,Ferguson,Thomas_Ferguson@guzman.com,19591213,true,28787319
Swanson_0be9c,David,Swanson,David_Swanson@gregory.com,20021220,true,16753799
Dyer_7b5ce,Kathryn,Dyer,Kathryn_Dyer@walker.com,19591210,true,57873103
Rodriguez_a9b99,Lauren,Rodriguez,Lauren_Rodriguez@soto.com,19931016,true,27106623
Rodriguez_f1303,Jeffrey,Rodriguez,Jeffrey_Rodriguez@trujillo.com,19900331,true,56472143
Anderson_76323,Richard,Anderson,Richard_Anderson@white.com,19580706,true,66751511
Huynh_1735e,Andrea,Huynh,Andrea_Huynh@dixon-smith.com,19890929,true,26799851
Allen_013af,Brian,Allen,Brian_Allen@conway.com,19560101,true,93233303
Peck_723a2,Jacqueline,Peck,Jacqueline_Peck@smith-miller.com,19590210,true,60512219
Lee_7f12f,Jessica,Lee,Jessica_Lee@brown-baxter.com,19670124,true,89410823
Allen_7a4f2,Martin,Allen,Martin_Allen@steele.com,20020924,true,99969439
Mcdaniel_50061,Jason,Mcdaniel,Jason_Mcdaniel@wood.com,19650403,true,68591887
Mitchell_06d3f,Angela,Mitchell,Angela_Mitchell@moreno-evans.com,19690105,true,50190223
Sanchez_9f266,Derrick,Sanchez,Derrick_Sanchez@mitchell.com,19700424,true,97980535
Ellis_b9ff0,Christine,Ellis,Christine_Ellis@blackwell.com,19980617,true,69393823
Salinas_4cb46,Alyssa,Salinas,Alyssa_Salinas@robbins.com,19981007,true,41363847
Walsh_8cd29,Kevin,Walsh,Kevin_Walsh@hamilton.net,19920805,true,63251375
Daniels_c934d,Stuart,Daniels,Stuart_Daniels@castro.com,20020317,true,38551603
Knox_d64ed,Kenneth,Knox,Kenneth_Knox@zamora.com,19990626,true,47904991
Mitchell_1bdd4,Steve,Mitchell,Steve_Mitchell@adkins-russell.com,19751027,true,98789479
Hendricks_a352c,Craig,Hendricks,Craig_Hendricks@garcia-higgins.com,19951018,true,51721063
Kerr_a02d8,Ricky,Kerr,Ricky_Kerr@gonzalez-martinez.com,19510625,true,43238807
Aguilar_d3661,Gloria,Aguilar,Gloria_Aguilar@dorsey-donaldson.com,19690606,true,69773231
Hall_0bc14,Gerald,Hall,Gerald_Hall@kim-chapman.com,19711007,true,53954823
Knight_7e064,Alexander,Knight,Alexander_Knight@doyle.com,19740812,true,41639975
Cross_36c08,Joseph,Cross,Joseph_Cross@mason-shaw.net,19530126,true,35750023
Myers_1466d,Joel,Myers,Joel_Myers@smith-willis.net,19720920,true,49665991
Mckee_92c0e,Michael,Mckee,Michael_Mckee@gordon.com,20000917,true,87409327
Park_a639e,Roy,Park,Roy_Park@rodriguez-west.com,19551029,true,69451423
Castro_49d90,Jonathan,Castro,Jonathan_Castro@sandoval.com,19700409,true,95059239
Carroll_78391,Richard,Carroll,Richard_Carroll@massey-gardner.com,19610526,true,61422551
Fletcher_e6fff,Michelle,Fletcher,Michelle_Fletcher@anderson.com,19831024,true,15665159
Murphy_ecd95,Carol,Murphy,Carol_Murphy@lowe.com,19640317,true,54241135
Russell_203e4,Michael,Russell,Michael_Russell@orozco.com,19680308,true,24280095
Andrews_776f9,Shawna,Andrews,Shawna_Andrews@freeman.com,19981115,true,12022295
Hernandez_3d7b1,Dana,Hernandez,Dana_Hernandez@jackson.com,19940126,true,50236391
Harris_e20bd,Lauren,Harris,Lauren_Harris@long.com,19780811,true,42605007
Dennis_14df3,Andrea,Dennis,Andrea_Dennis@smith-goodman.com,19570926,true,17153399
Mendoza_fa60d,John,Mendoza,John_Mendoza@mahoney.com,19850519,true,85845135
Krueger_b37c9,Jeremy,Krueger,Jeremy_Krueger@haley.com,19830715,true,37358751
Smith_85c0b,Wendy,Smith,Wendy_Smith@smith-webb.com,19700128,true,60349279
Diaz_0bd1d,Leslie,Diaz,Leslie_Diaz@thomas-shelton.com,19570430,true,57506727
Snyder_d3f05,Grant,Snyder,Grant_Snyder@gonzales.com,19731031,true,23872143
Jenkins_27fe6,Brandi,Jenkins,Brandi_Jenkins@miller.com,19651228,true,79308567
Haynes_18bc2,Amy,Haynes,Amy_Haynes@levy.com,19600314,true,41563455
Roberts_d606a,John,Roberts,John_Roberts@hendricks.com,19540315,true,16513279
Nelson_fde1d,Carrie,Nelson,Carrie_Nelson@archer-murphy.com,19510609,true,49242255
Hood_bb6b9,Jacob,Hood,Jacob_Hood@evans.com,19560208,true,24204143
Charles_02485,Tracy,Charles,Tracy_Charles@rowe.com,19931108,true,62200511
Miller_28ba0,Heather,Miller,Heather_Miller@taylor.net,19530128,true,37035727
Johnson_56e3d,Brandon,Johnson,Brandon_Johnson@ramirez.com,19850310,true,60862935
Cook_a5121,Kevin,Cook,Kevin_Cook@cox-stewart.com,19780913,true,71239915
Lane_24958,Derrick,Lane,Derrick_Lane@yates.com,19890916,true,65837219
Nelson_f7fc3,Wendy,Nelson,Wendy_Nelson@day.com,19650108,true,59119063
Ramsey_843ef,Jasmine,Ramsey,Jasmine_Ramsey@jackson.com,19500407,true,16447279
Beltran_b42ac,William,Beltran,William_Beltran@bean.com,19850313,true,16495975
Jefferson_84127,Albert,Jefferson,Albert_Jefferson@diaz-bailey.com,19841117,true,32919607
Ferguson_8004f,Jessica,Ferguson,Jessica_Ferguson@young.com,19670129,true,78033235
Stuart_08df4,Gerald,Stuart,Gerald_Stuart@strong.net,19951008,true,98421991
Vaughan_40056,Jacob,Vaughan,Jacob_Vaughan@martinez.com,19830908,true,69615007
Fuentes_0598c,Matthew,Fuentes,Matthew_Fuentes@miranda.com,19660329,true,33411447
Carpenter_4acee,April,Carpenter,April_Carpenter@page.com,19710929,true,97274415
Garcia_d383b,Rachel,Garcia,Rachel_Garcia@neal.com,19961021,true,87786127
Madden_d8100,Patrick,Madden,Patrick_Madden@sanders.com,19941101,true,35389647
Myers_96365,Angela,Myers,Angela_Myers@rodriguez.com,19740126,true,59457063
Baker_726e6,Wayne,Baker,Wayne_Baker@brown.com,19671227,true,92067207
Cox_c2d50,Haley,Cox,Haley_Cox@lewis.com,19641001,true,27911351
Sanders_65a5d,Dan,Sanders,Dan_Sanders@klein-hernandez.com,19500813,true,30043759
Boyle_7540a,Timothy,Boyle,Timothy_Boyle@roach.net,19840608,true,49033195
Fisher_cd40a,Thomas,Fisher,Thomas_Fisher@phillips.com,19850415,true,99090999
Lopez_d2a7d,Taylor,Lopez,Taylor_Lopez@jones-salazar.com,19570522,true,17889439
Ortiz_fed1f,Cynthia,Ortiz,Cynthia_Ortiz@mathis.com,19590706,true,91591279
Macias_b438f,Jeffrey,Macias,Jeffrey_Macias@cox.com,19901003,true,98485783
Drake_a32f0,Brian,Drake,Brian_Drake@hurst-price.net,19620211,true,83466007
Austin_69ddb,Anna,Austin,Anna_Austin@mcguire.com,19991122,true,83758091
Clark_b1291,Joel,Clark,Joel_Clark@mcclain.com,19580712,true,65159231
Olson_4c0a6,Deborah,Olson,Deborah_Olson@greene.com,19570805,true,92118339
Love_01195,Michael,Love,Michael_Love@rodriguez-martinez.net,20020321,true,41033095
Jordan_26d57,Timothy,Jordan,Timothy_Jordan@young.com,19991228,true,77411263
Leblanc_25e89,Kathy,Leblanc,Kathy_Leblanc@warren-gray.com,19810227,true,69067343
Floyd_ee7c0,William,Floyd,William_Floyd@duran.com,19720713,true,27758191
Hayden_44dbe,Angela,Hayden,Angela_Hayden@barry.net,19960623,true,28574351
Hodges_c3205,Renee,Hodges,Renee_Hodges@hamilton.com,19871228,true,63899519
Miller_b1a7b,Samantha,Miller,Samantha_Miller@mcmahon.com,19650406,true,41451647
Orozco_32e5d,Lauren,Orozco,Lauren_Orozco@sanchez.com,20000126,true,71540231
Johns_bd350,Destiny,Johns,Destiny_Johns@hayes.com,19731201,true,89233575
Davis_d9ba6,Jennifer,Davis,Jennifer_Davis@nguyen.com,19931018,true,72513603
Owen_1c1c8,April,Owen,April_Owen@sanchez.com,19670923,true,16552967
Russell_eeae9,Evan,Russell,Evan_Russell@ferguson.net,19590120,true,75209343
Cruz_a019e,Jordan,Cruz,Jordan_Cruz@clark-dickerson.com,19580323,true,42355435
Castaneda_1e9a5,Brent,Castaneda,Brent_Castaneda@garcia.com,19580307,true,80875871
Peters_62c2d,Gregory,Peters,Gregory_Peters@ray.net,19900902,true,78256247
Malone_82057,Jason,Malone,Jason_Malone@allen.com,19550503,true,47278299
Salazar_8a391,Matthew,Salazar,Matthew_Salazar@jones-jones.com,19991211,true,50895327
Morris_ed007,Martin,Morris,Martin_Morris@garcia.com,19930810,true,47193651
Martinez_fa7cb,Natasha,Martinez,Natasha_Martinez@west.com,19680418,true,55194439
Powell_89e26,Charles,Powell,Charles_Powell@knight.com,19970906,true,47215879
Powell_c3379,Brian,Powell,Brian_Powell@hernandez.com,19591115,true,67153775
Sandoval_6592d,Laura,Sandoval,Laura_Sandoval@brown.com,19860913,true,17475623
Gonzalez_bc4a4,Charles,Gonzalez,Charles_Gonzalez@navarro.com,19710404,true,94465511
Caldwell_92d76,Nicholas,Caldwell,Nicholas_Caldwell@hurley-bass.com,19770714,true,42525999
Wyatt_ac546,Brian,Wyatt,Brian_Wyatt@wright-young.com,19581211,true,63631399
Garcia_a540e,Ryan,Garcia,Ryan_Garcia@vazquez-wells.com,19930815,true,26856535
Anderson_a86c0,Megan,Anderson,Megan_Anderson@wilson-murillo.com,19700729,true,21736903
Hughes_5403f,Pamela,Hughes,Pamela_Hughes@charles-costa.com,19870613,true,40181295
Scott_af31d,Tiffany,Scott,Tiffany_Scott@davis.com,19861110,true,76272207
Conway_b17c3,Stanley,Conway,Stanley_Conway@adams.com,19850905,true,71853567
Petty_89b4f,Yolanda,Petty,Yolanda_Petty@dunlap-brown.com,19910125,true,69674519
Oneal_1a34f,Emily,Oneal,Emily_Oneal@gutierrez.com,19580118,true,49152079
Jones_7290c,Tara,Jones,Tara_Jones@blankenship.net,19850303,true,49275455
Cohen_0fcc4,Christine,Cohen,Christine_Cohen@rich-bell.com,19940621,true,80232231
Gutierrez_8e2f3,Daniel,Gutierrez,Daniel_Gutierrez@santana-bryan.com,19571103,true,93799931
Williams_c20d3,George,Williams,George_Williams@patton.com,19810319,true,69991287
Allen_8c000,Lori,Allen,Lori_Allen@valdez-phillips.com,20020916,true,28175727
Kelly_0c61d,Charles,Kelly,Charles_Kelly@dalton.com,19690401,true,62777351
Villa_19bdd,Jonathan,Villa,Jonathan_Villa@suarez.com,19751203,true,80471287
Jackson_40b1b,Cindy,Jackson,Cindy_Jackson@garcia-burch.com,19670727,true,60954247
Williams_09feb,Scott,Williams,Scott_Williams@keller-wong.com,19800803,true,85799255
Hernandez_04544,Dylan,Hernandez,Dylan_Hernandez@singleton-johnson.com,19950301,true,31405951
Garcia_6967c,Michelle,Garcia,Michelle_Garcia@lynch.com,19801017,true,52895823
Bailey_255ab,Matthew,Bailey,Matthew_Bailey@benjamin.com,19870728,true,39436023
Edwards_e7bbf,Kristin,Edwards,Kristin_Edwards@short.com,19820603,true,22435107
Kirk_079a3,Kristen,Kirk,Kristen_Kirk@ayers.com,19590823,true,97993751
Carrillo_d036e,Ruth,Carrillo,Ruth_Carrillo@paul.com,19790905,true,43751451
Stephenson_dd890,Jacob,Stephenson,Jacob_Stephenson@larson-stevenson.net,19541111,true,75359427
Flynn_066c3,Curtis,Flynn,Curtis_Flynn@cook-drake.com,19780926,true,58787463
Perez_7a5c3,Thomas,Perez,Thomas_Perez@greene-lopez.com,19630220,true,96377439
Kline_e724e,Sheri,Kline,Sheri_Kline@hinton.com,19940609,true,33546343
Baker_4cd37,Jeff,Baker,Jeff_Baker@bentley.com,19670424,true,57871767
Powell_d1cfb,William,Powell,William_Powell@harrell.com,19670721,true,71832243
Thomas_2a3b9,Shannon,Thomas,Shannon_Thomas@dawson-alexander.com,19680903,true,18892279
Murray_8d3f7,Jeffrey,Murray,Jeffrey_Murray@jones.net,19821221,true,27473887
Jackson_5ae26,Carla,Jackson,Carla_Jackson@morris.com,19940715,true,44275151
Wagner_83f4e,Kristin,Wagner,Kristin_Wagner@clayton.com,19970129,true,66045343
Rodriguez_3b414,Kathleen,Rodriguez,Kathleen_Rodriguez@frost-james.com,19671005,true,65397891
Shea_abeb3,Nicole,Shea,Nicole_Shea@mcclure.com,19560102,true,28795599
